{"cameraMode":{"drawMode":0,"name":"Shaded","section":"Shading Mode"},"sceneLighting":true,"audioPlay":false,"sceneViewState":{"m_AlwaysRefresh":false,"showFog":true,"showSkybox":false,"showFlares":true,"showImageEffects":true,"showParticleSystems":true,"showVisualEffectGraphs":true,"m_FxEnabled":true},"in2DMode":false,"pivot":{"x":-0.40947121381759646,"y":1.3073291778564454,"z":1.295274019241333},"rotation":{"x":-0.11601540446281433,"y":0.8647220134735107,"z":-0.42929762601852419,"w":-0.23368023335933686},"size":1.7514240741729737,"orthographic":false}