{"cameraMode":{"drawMode":0,"name":"Shaded","section":"Shading Mode"},"sceneLighting":true,"audioPlay":false,"sceneViewState":{"m_AlwaysRefresh":false,"showFog":true,"showSkybox":false,"showFlares":true,"showImageEffects":true,"showParticleSystems":true,"showVisualEffectGraphs":true,"m_FxEnabled":true},"in2DMode":false,"pivot":{"x":5.773439407348633,"y":0.07233947515487671,"z":0.09595632553100586},"rotation":{"x":-0.27951711416244509,"y":0.6483186483383179,"z":-0.27813199162483218,"w":-0.6513568162918091},"size":13.682941436767579,"orthographic":false}